{
  "general_accuracy": 99.77777777777777,
  "total_correct": 449,
  "total_samples": 450,
  "confidence_mean": 0.9988817572593689,
  "confidence_min": 0.7094824314117432,
  "confidence_max": 1.0,
  "confusion_matrix": [
    [
      150,
      0,
      0
    ],
    [
      0,
      150,
      0
    ],
    [
      1,
      0,
      149
    ]
  ],
  "class_stats": {
    "avion": {
      "correctos": 150,
      "total": 150,
      "accuracy": 100.0,
      "confianza_promedio": 0.9968615770339966
    },
    "dron": {
      "correctos": 150,
      "total": 150,
      "accuracy": 100.0,
      "confianza_promedio": 1.0
    },
    "helicoptero": {
      "correctos": 149,
      "total": 150,
      "accuracy": 99.33333333333333,
      "confianza_promedio": 0.9997837543487549
    }
  }
}