{
  "timestamp": "2025-12-10 01:02:48",
  "total_samples": 2028,
  "accuracy": 0.17258382642998027,
  "confusion_matrix": [
    [
      0,
      2,
      672
    ],
    [
      0,
      0,
      1001
    ],
    [
      0,
      3,
      350
    ]
  ],
  "class_accuracies": {
    "avion": 0.0,
    "dron": 0.0,
    "helicoptero": 99.15014164305948
  },
  "labels": [
    "avion",
    "dron",
    "helicoptero"
  ]
}